{"f1": 0.31746031746031744, "auprc": 0.10621987829614606}