{"f1": 0.43137254901960786, "auprc": 0.21394256055363323}